6,"A Coruña"
7,"Aachen"
8,"Aalborg"
9,"Aba"
10,"Abadan"
11,"Abakaliki"
12,"Abakan"
13,"Abbotsford"
14,"Abengourou"
15,"Abeokuta"
16,"Aberdeen"
17,"Abha"
18,"Abidjan"
19,"Abiko"
20,"Abilene"
21,"Abohar"
22,"Abomey Calavi"
23,"Abu Dhabi"
24,"Abuja"
25,"Acapulco"
26,"Acarigua"
27,"Accra"
28,"Achalpur"
29,"Acheng"
30,"Achinsk"
31,"Acuña"
32,"Adana"
33,"Addis Abeba"
34,"Adelaide"
35,"Aden"
36,"Adilabad"
37,"Adiwerna"
38,"Adoni"
39,"Afyonkarahisar"
40,"Agadir"
41,"Agartala"
42,"Agboville"
43,"Ageo"
44,"Agra"
45,"Aguascalientes"
46,"Ahmadabad"
47,"Ahmadnagar"
48,"Ahmadpur East"
49,"Ahvaz"
50,"Aix En Provence"
51,"Aizawl"
52,"Ajdabiya"
53,"Ajmer"
54,"Akashi"
55,"Akishima"
56,"Akita"
57,"Akola"
58,"Akron"
59,"Aksaray"
60,"Aksu"
61,"Aktau"
62,"Akure"
63,"Akyab"
64,"Alagoinhas"
65,"Alandur"
66,"Alanya"
67,"Alappuzha"
68,"Albacete"
69,"Alberton"
70,"Albuquerque"
71,"Albury"
72,"Alcalá De Henares"
73,"Alcobendas"
74,"Alcorcón"
75,"Aleppo"
76,"Alexandria"
77,"Algeciras"
78,"Algiers"
79,"Aligarh"
80,"Allahabad"
81,"Allentown"
82,"Almaty"
84,"Almere"
83,"Almería"
85,"Almetyevsk"
86,"Alor Setar"
87,"Altay"
88,"Alwar"
89,"Amadora"
90,"Amagasaki"
91,"Amaigbo"
92,"Amarillo"
93,"Ambala"
94,"Ambarnath"
95,"Ambato"
96,"Ambattur"
97,"Ambon"
98,"Ambur"
99,"Americana"
100,"Amersfoort"
101,"Amiens"
102,"Amol"
103,"Amravati"
104,"Amritsar"
105,"Amroha"
106,"Amsterdam"
108,"Anaco"
109,"Anaheim"
110,"Anand"
111,"Ananindeua"
112,"Anantapur"
107,"Anápolis"
113,"Anbu"
114,"Anchorage"
115,"Ancona"
116,"Anda"
117,"Andijon"
118,"Angarsk"
119,"Angeles"
120,"Angers"
121,"Angra Dos Reis"
122,"Angren"
123,"Anjo"
124,"Ankang"
125,"Ankara"
126,"Ann Arbor"
127,"Anqing"
128,"Anqiu"
129,"Anshan"
130,"Anshun"
131,"Antakya"
132,"Antalya"
133,"Antananarivo"
134,"Antioch"
135,"Antipolo"
136,"Antofagasta"
137,"Antsirabe"
138,"Antwerp"
139,"Anyama"
140,"Anyang"
141,"Apeldoorn"
142,"Apodaca"
143,"Apopa"
144,"Apucarana"
145,"Aqtöbe"
146,"Ara"
148,"Aracaju"
147,"Araçatuba"
149,"Arad"
150,"Araguaína"
151,"Arak"
152,"Arapiraca"
153,"Araraquara"
154,"Araras"
155,"Araruama"
156,"Araucária"
157,"Ardabil"
158,"Arequipa"
1,"Århus"
159,"Arica"
160,"Arjawinangun"
161,"Arkhangelsk"
162,"Arlington"
163,"Armavir"
164,"Armenia"
165,"Arnhem"
166,"Arusha"
167,"Arvada"
168,"Aryanah"
169,"Arzamas"
170,"Asahikawa"
171,"Asaka"
172,"Asansol"
173,"Asfi"
174,"Asgabat"
175,"Ashdod"
176,"Ashikaga"
177,"Ashqelon"
178,"Asmara"
179,"Astana"
180,"Astanajapura"
181,"Astrakhan"
182,"Asunción"
183,"Aswan"
184,"Asyut"
185,"Athens"
186,"Atibaia"
187,"Atlanta"
188,"Atsugi"
189,"Atyrau"
190,"Auckland"
191,"Augsburg"
192,"Aurangabad"
193,"Aurora"
194,"Austin"
195,"Avadi"
196,"Awassa"
197,"Awka"
198,"Ayacucho"
199,"Ayer Itam"
200,"Azamgarh"
201,"Azare"
203,"Babakan"
204,"Babol"
205,"Bac Lieu"
206,"Bacau"
207,"Bacolod"
208,"Bacoor"
209,"Badajoz"
210,"Badalona"
211,"Badaojiang"
212,"Badlapur"
213,"Bafoussam"
214,"Bagaha"
215,"Baghdad"
216,"Baglan"
217,"Bago"
218,"Baguio"
219,"Bahadurgarh"
220,"Baharampur"
221,"Bahawalnagar"
222,"Bahawalpur"
223,"Bahia Blanca"
224,"Bahir Dar"
225,"Bahraich"
226,"Baia Mare"
227,"Baicheng"
228,"Baidyabati"
229,"Baiyin"
230,"Bakersfield"
231,"Baku"
232,"Balakovo"
233,"Balashikha"
234,"Baleshwar"
235,"Balikpapan"
236,"Baliuag"
237,"Ballia"
238,"Bally"
239,"Balti"
240,"Baltimore"
241,"Balurghat"
242,"Bama"
243,"Bamako"
244,"Bamenda"
245,"Banda"
246,"Banda Aceh"
247,"Bandar E Anzali"
248,"Bandar Maharani"
249,"Bandar Penggaram"
250,"Bandundu"
251,"Bandung"
252,"Baneh"
253,"Bangalore"
254,"Bangaon"
255,"Bangkok"
256,"Bangui"
257,"Banja Luka"
258,"Banjaran"
259,"Banjarmasin"
260,"Bankura"
261,"Bansbaria"
262,"Bantou"
263,"Banyuwangi"
264,"Baoding"
265,"Baoji"
266,"Baoshan"
267,"Barakpur"
268,"Baranagar"
269,"Barasat"
270,"Barbacena"
271,"Barcelona"
272,"Barddhaman"
273,"Bareli"
274,"Bari"
275,"Barinas"
276,"Baripada"
277,"Barisal"
278,"Barnala"
279,"Barnaul"
280,"Barquisimeto"
281,"Barra Mansa"
282,"Barrancabermeja"
283,"Barranquilla"
284,"Barreiras"
285,"Barretos"
286,"Barrie"
287,"Barsi"
288,"Barueri"
289,"Baruta"
290,"Basel"
291,"Basildon"
292,"Basirhat"
293,"Basti"
294,"Bat Yam"
295,"Bata"
296,"Batala"
297,"Batangas"
298,"Bataysk"
299,"Batman"
300,"Baton Rouge"
301,"Baturaja"
302,"Bauchi"
303,"Bauru"
304,"Bayamo"
305,"Bayrut"
306,"Beaumont"
307,"Beawar"
308,"Begusarai"
309,"Beian"
310,"Beibei"
311,"Beihai"
312,"Beipiao"
313,"Beira"
314,"Beirut"
315,"Bekasi"
317,"Belawan"
316,"Belém"
318,"Belfast"
319,"Belford Roxo"
320,"Belgaum"
321,"Belgorod"
322,"Bellary"
323,"Bellevue"
324,"Bello"
325,"Belo Horizonte"
326,"Bene Beraq"
327,"Bengbu"
328,"Benghazi"
329,"Bengkulu"
330,"Benguela"
331,"Benha"
332,"Beni Suef"
202,"Bénin"
333,"Benoni"
334,"Benxi"
335,"Beppu"
336,"Berbera"
337,"Berezniki"
338,"Bergamo"
339,"Bergen"
340,"Bergisch Gladbach"
341,"Berkeley"
342,"Berlin"
343,"Bern"
344,"Bertoua"
345,"Besançon"
346,"Bethal"
347,"Betim"
348,"Bettiah"
349,"Bhadravati"
350,"Bhadreswar"
351,"Bhagalpur"
352,"Bhairab Bazar"
353,"Bharatpur"
354,"Bharuch"
355,"Bhatpara"
356,"Bhavnagar"
357,"Bhilai"
358,"Bhilwara"
359,"Bhimavaram"
360,"Bhind"
361,"Bhiwandi"
362,"Bhiwani"
363,"Bhopal"
364,"Bhubaneswar"
365,"Bhuj"
366,"Bhusawal"
368,"Bialystok"
369,"Bid"
370,"Bida"
371,"Bidar"
372,"Bielefeld"
373,"Bielsko Biala"
367,"Biên Hòa"
374,"Bihar"
375,"Bijapur"
376,"Bikaner"
377,"Bila Tserkva"
378,"Bilaspur"
379,"Bilbao"
380,"Binangonan"
381,"Binjai"
382,"Bintulu"
383,"Binzhou"
384,"Biratnagar"
385,"Birganj"
386,"Birigui"
387,"Birjand"
388,"Birmingham"
389,"Birnin Kebbi"
390,"Bisho"
391,"Bissau"
392,"Bitung"
393,"Biysk"
394,"Blackburn"
395,"Blackpool"
396,"Blagoveshchensk"
397,"Blantyre"
398,"Blitar"
399,"Bloemfontein"
400,"Blumenau"
401,"Boa Vista"
402,"Bobo Dioulasso"
403,"Bochum"
404,"Bogor"
405,"Bogotá"
406,"Bohicon"
407,"Bojnurd"
408,"Bokaro"
409,"Boksburg"
410,"Bologna"
411,"Bolton"
412,"Boma"
413,"Bombay"
414,"Bonn"
415,"Bontang"
416,"Bordeaux"
417,"Borujerd"
418,"Boshan"
419,"Boston"
420,"Botad"
421,"Botosani"
422,"Botshabelo"
423,"Bottrop"
424,"Botucatu"
425,"Bouaké"
426,"Boulogne Billancourt"
427,"Bournemouth"
428,"Bozhou"
429,"Bradford"
430,"Braga"
431,"Bragança Paulista"
432,"Brahmapur"
433,"Braila"
434,"Brakpan"
435,"Brasília"
436,"Brasov"
437,"Bratislava"
438,"Bratsk"
439,"Brazzaville"
440,"Brebes"
441,"Breda"
442,"Bremen"
443,"Bremerhaven"
444,"Brescia"
445,"Brest"
446,"Bridgeport"
447,"Brighton"
448,"Brikama"
449,"Brisbane"
450,"Bristol"
451,"Brits"
452,"Brno"
453,"Brownsville"
454,"Brugge"
455,"Brunswick"
456,"Brussels"
457,"Bryansk"
458,"Bucaramanga"
459,"Bucharest"
460,"Budapest"
461,"Budaun"
462,"Buenaventura"
463,"Buffalo"
464,"Buga"
465,"Bugama"
466,"Buhe"
467,"Bujumbura"
468,"Bukan"
469,"Bukavu"
470,"Bukit Mertajam"
471,"Bulandshahr"
472,"Bulaon"
473,"Bulawayo"
474,"Buon Me Thuot"
475,"Buraydah"
476,"Burbank"
477,"Burewala"
478,"Burgas"
479,"Burgos"
480,"Burhanpur"
481,"Bursa"
482,"Bushehr"
483,"Butembo"
484,"Butterworth"
485,"Butuan"
486,"Buzau"
487,"Bydgoszcz"
488,"Bytom"
489,"Cà Mau"
493,"Cabanatuan"
494,"Cabimas"
495,"Cabo Frio"
496,"Cabudare"
497,"Cachoeirinha"
498,"Cachoeiro De Itapemirim"
499,"Cadiz"
500,"Caen"
501,"Cagayan De Oro"
502,"Cagliari"
503,"Cagua"
504,"Cainta"
505,"Cairns"
506,"Cairo"
507,"Cajamarca"
508,"Calabar"
509,"Calabozo"
510,"Calama"
511,"Calamba"
512,"Calcutta"
513,"Calgary"
514,"Cali"
515,"Cam Pha"
516,"Cam Ranh"
517,"Camaçari"
518,"Camagüey"
519,"Camaragibe"
520,"Cambridge"
521,"Campeche"
522,"Campina Grande"
523,"Campinas"
524,"Campo Grande"
525,"Campos"
526,"Can Tho"
527,"Canberra"
528,"Cancún"
529,"Cangzhou"
530,"Canoas"
531,"Cap Haïtien"
532,"Cape Coast"
533,"Cape Coral"
534,"Cape Town"
535,"Capiatá"
537,"Caracas"
538,"Carapicuíba"
539,"Cardiff"
540,"Cariacica"
541,"Carmen"
542,"Carolina"
543,"Carrefour"
544,"Carrollton"
545,"Cartagena"
546,"Cartago"
547,"Caruaru"
536,"Carúpano"
548,"Cary"
549,"Casablanca"
550,"Cascavel"
551,"Castanhal"
552,"Catamarca"
553,"Catanduva"
554,"Catania"
555,"Catia La Mar"
556,"Caucaia"
557,"Cavite"
558,"Caxias"
559,"Caxias Do Sul"
560,"Cebu"
561,"Cedar Rapids"
562,"Celaya"
563,"Chakwal"
564,"Chalco"
565,"Champdani"
566,"Chandannagar"
567,"Chandausi"
568,"Chandigarh"
569,"Chandler"
570,"Chandpur"
571,"Chandrapur"
572,"Changchun"
573,"Changde"
574,"Changji"
575,"Changzhou"
576,"Chaohu"
577,"Chaoyang"
578,"Chaozhou"
579,"Chapecó"
580,"Charallave"
581,"Charleroi"
582,"Charleston"
583,"Charlotte"
584,"Chas"
585,"Chattanooga"
586,"Chavakachcheri"
587,"Cheboksary"
588,"Chelmsford"
589,"Cheltenham"
590,"Chelyabinsk"
591,"Chemnitz"
592,"Chengde"
593,"Chengdu"
594,"Chenghai"
595,"Chenzhou"
596,"Cherepovets"
597,"Cherkasy"
598,"Cherkessk"
599,"Chernihiv"
600,"Chernivtsi"
601,"Chesapeake"
602,"Chetumal"
603,"Chhapra"
604,"Chhatarpur"
605,"Chhindwara"
606,"Chiang Mai"
607,"Chicago"
608,"Chiclayo"
609,"Chifeng"
610,"Chigasaki"
611,"Chihuahua"
612,"Chikmagalur"
613,"Chillan"
614,"Chilpancingo"
615,"Chimalhuacán"
616,"Chimbote"
617,"Chimoio"
618,"Chinandega"
619,"Chincha Alta"
620,"Chingola"
621,"Chiniot"
622,"Chishtian Mandi"
623,"Chisinau"
624,"Chita"
625,"Chitradurga"
626,"Chittaurgarh"
627,"Chitungwiza"
628,"Chizhou"
629,"Chofu"
630,"Choloma"
631,"Chon Buri"
632,"Chongqing"
633,"Chorzow"
634,"Chosica"
635,"Christchurch"
636,"Chula Vista"
637,"Chuncheng"
638,"Chungho"
639,"Chupei"
640,"Churu"
641,"Chuzhou"
642,"Ciamis"
643,"Ciampea"
644,"Cianjur"
645,"Cibadak"
646,"Cibinong"
647,"Cibitung"
648,"Cicalengka"
649,"Ciego De Ávila"
650,"Cienfuegos"
651,"Cikampek"
652,"Cikarang"
653,"Cikupa"
654,"Cilegon"
655,"Cileungsi"
656,"Cileunyi"
657,"Cimahi"
658,"Cincinnati"
659,"Ciomas"
660,"Ciparay"
661,"Ciputat"
662,"Cirebon"
663,"Cisaat"
664,"Cisarua"
665,"Citeureup"
666,"Ciudad Bolívar"
667,"Ciudad Guayana"
668,"Ciudad Valles"
669,"Clarksville"
670,"Clearwater"
671,"Clermont Ferrand"
672,"Cleveland"
673,"Cluj Napoca"
674,"Coacalco"
675,"Coatzacoalcos"
676,"Cochabamba"
677,"Coimbra"
678,"Colatina"
679,"Colchester"
680,"Colima"
681,"Cologne"
682,"Colombo"
683,"Colorado Springs"
684,"Columbia"
685,"Columbus"
686,"Comodoro Rivadavia"
687,"Conakry"
688,"Concepcion"
689,"Concord"
690,"Concordia"
691,"Conselheiro Lafaiete"
692,"Constanta"
693,"Constantine"
694,"Contagem"
695,"Copenhagen"
696,"Copiapo"
697,"Coquimbo"
698,"Coral Springs"
490,"Córdoba"
699,"Cork"
2,"Çorlu"
700,"Coro"
701,"Corona"
702,"Coronel Fabriciano"
703,"Corpus Christi"
704,"Corrientes"
3,"Çorum"
705,"Costa Mesa"
706,"Cotabato"
707,"Cotia"
708,"Cotonou"
709,"Cottbus"
710,"Coventry"
711,"Cracow"
712,"Craiova"
713,"Crawley"
714,"Criciúma"
491,"Cúa"
715,"Cuautitlán Izcalli"
716,"Cuautla"
717,"Cubatão"
492,"Cúcuta"
718,"Cuddapah"
719,"Cuenca"
720,"Cuernavaca"
721,"Cuiabá"
722,"Culiacán"
723,"Cumaná"
724,"Curico"
725,"Curitiba"
726,"Curug"
727,"Cusco"
728,"Czestochowa"
730,"Da Lat"
731,"Da Nang"
732,"Daan"
733,"Dabrowa Gornicza"
734,"Dadiangas"
735,"Dadu"
736,"Dagupan"
737,"Dahuk"
738,"Daito"
739,"Dakar"
740,"Dali"
741,"Dalian"
742,"Daliang"
743,"Dallas"
744,"Daloa"
745,"Damascus"
746,"Damaturu"
747,"Damoh"
748,"Dandong"
749,"Danshui"
750,"Dar Es Salaam"
751,"Darbhanga"
752,"Darjiling"
753,"Darmstadt"
754,"Daska"
755,"Dasmariñas"
756,"Dasoguz"
757,"Datong"
758,"Daugavpils"
759,"Davao"
760,"Dawei"
761,"Dawukou"
762,"Daxian"
763,"Dayton"
764,"Debre Zeyit"
765,"Debrecen"
766,"Dehra Dun"
767,"Dehri"
768,"Dehui"
769,"Dekernes"
770,"Delhi"
771,"Delicias"
772,"Delmas"
773,"Denizli"
774,"Denpasar"
775,"Denton"
776,"Denver"
777,"Deoria"
778,"Depok"
779,"Dera Ghazi Khan"
780,"Dera Ismail Khan"
781,"Derbent"
782,"Derby"
783,"Des Moines"
784,"Dese"
785,"Detroit"
786,"Dewas"
787,"Deyang"
788,"Dezful"
789,"Dezhou"
790,"Dhaka"
791,"Dhanbad"
792,"Dharan"
793,"Dharmavaram"
794,"Dhaulpur"
795,"Dhule"
796,"Diadema"
797,"Dibrugarh"
798,"Didao"
799,"Digos"
800,"Dijon"
801,"Dimapur"
802,"Dimitrovgrad"
803,"Dinajpur"
804,"Dindigul"
805,"Dingzhou"
806,"Diourbel"
807,"Dire Dawa"
808,"Divinópolis"
809,"Divo"
810,"Djougou"
811,"Do Rud"
812,"Dodoma"
813,"Doha"
814,"Donghai"
815,"Dongli"
816,"Dongling"
817,"Dongtai"
818,"Dongying"
819,"Dordrecht"
820,"Dortmund"
821,"Dos Hermanas"
822,"Dos Quebradas"
823,"Douala"
824,"Dourados"
825,"Downey"
826,"Dresden"
827,"Drobeta Turnu Severin"
828,"Dubai"
829,"Dublin"
830,"Dudley"
831,"Duisburg"
832,"Dum Dum"
833,"Duma"
834,"Dumaguete"
835,"Dumai"
836,"Dundee"
837,"Dunedin"
838,"Dunhua"
839,"Duque De Caxias"
840,"Durango"
841,"Durban"
842,"Durg"
843,"Durgapur"
844,"Durham"
845,"Durrës"
846,"Dushanbe"
729,"Düsseldorf"
847,"Dzerzhinsk"
848,"East London"
849,"East Los Angeles"
850,"Eastbourne"
851,"Ebetsu"
852,"Ebina"
853,"Ecatepec"
855,"Ede"
854,"Edéa"
856,"Edinburgh"
857,"Edirne"
858,"Edison"
859,"Edmonton"
860,"Eindhoven"
861,"Ejido"
862,"Ejigbo"
863,"Ekibastuz"
864,"El Faiyûm"
865,"El Limón"
866,"El Mahalla El Kubra"
867,"El Monte"
868,"El Paso"
869,"El Progreso"
870,"El Tigre"
871,"Elbasan"
872,"Elblag"
873,"Eldoret"
874,"Elektrostal"
875,"Elista"
876,"Elizabeth"
877,"Eluru"
878,"Embu"
879,"Emmen"
880,"Encheng"
881,"Engels"
882,"Enschede"
883,"Ensenada"
884,"Enugu"
885,"Envigado"
886,"Erfurt"
887,"Erlangen"
888,"Erode"
889,"Erzincan"
890,"Erzurum"
891,"Escondido"
892,"Escuintla"
893,"Esenyurt"
894,"Esfahan"
895,"Eskisehir"
896,"Eslamshahr"
897,"Esmeraldas"
898,"Espoo"
899,"Essen"
900,"Etah"
901,"Etawah"
902,"Eugene"
903,"Evansville"
904,"Exeter"
905,"Ezhou"
907,"Fairfield"
908,"Faisalabad"
909,"Faizabad"
910,"Faridabad"
911,"Faridpur"
912,"Farrukhabad"
913,"Fatehpur"
914,"Fayetteville"
915,"Feira De Santana"
916,"Fengcheng"
917,"Fengshan"
918,"Fernando De La Mora"
919,"Ferrara"
920,"Ferraz De Vasconcelos"
921,"Fez"
922,"Fianarantsoa"
923,"Firozabad"
924,"Firozpur"
925,"Flint"
926,"Florence"
927,"Florencia"
928,"Florianópolis"
929,"Floridablanca"
930,"Focsani"
931,"Foggia"
932,"Fontana"
933,"Forlì"
934,"Formosa"
935,"Fort Collins"
936,"Fort Lauderdale"
937,"Fort Wayne"
938,"Fort Worth"
939,"Fortaleza"
940,"Foshan"
941,"Foz Do Iguaçu"
942,"Franca"
943,"Francisco Morato"
944,"Franco Da Rocha"
945,"Frankfurt"
946,"Freetown"
947,"Freiburg"
948,"Fremont"
949,"Fresnillo"
950,"Fresno"
951,"Fuchu"
952,"Fuenlabrada"
953,"Fuji"
954,"Fujieda"
955,"Fujimi"
956,"Fujinomiya"
957,"Fujisawa"
958,"Fukaya"
959,"Fukuyama"
960,"Fuling"
961,"Fullerton"
962,"Funabashi"
963,"Funtua"
906,"Fürth"
964,"Fushun"
965,"Fuxin"
966,"Fuyang"
967,"Fuyu"
968,"Fuzhou"
972,"Gaborone"
973,"Gadag"
974,"Gagnoa"
975,"Gainesville"
976,"Galati"
977,"Gandajika"
978,"Gandhidham"
979,"Gandhinagar"
980,"Ganganagar"
981,"Gangapur"
982,"Gangawati"
983,"Ganzhou"
984,"Gaomi"
985,"Gaozhou"
986,"Garanhuns"
987,"Garden Grove"
988,"Gardez"
989,"Garland"
990,"Garoua"
991,"Garut"
992,"Garza García"
993,"Gashua"
994,"Gaya"
995,"Gaziantep"
996,"Gazipur"
997,"Gazni"
998,"Gboko"
999,"Gbongan"
1000,"Gdansk"
1001,"Gdynia"
1002,"Gebze"
1003,"Geelong"
1004,"Gejiu"
1005,"Gelsenkirchen"
1006,"Gemena"
1007,"General Escobedo"
1008,"Geneva"
1009,"Genoa"
1010,"Gent"
1011,"George"
1012,"Georgetown"
1013,"Gera"
1014,"Getafe"
1015,"Ghaziabad"
1016,"Ghazipur"
1017,"Gijón"
1018,"Gilbert"
1019,"Gillingham"
1021,"Girardot"
1020,"Girón"
1022,"Giugliano In Campania"
1023,"Gizeh"
1024,"Glasgow"
1025,"Glazov"
1026,"Glendale"
1027,"Gliwice"
1028,"Gloucester"
1029,"Godhra"
1030,"Goiânia"
1031,"Gojra"
1032,"Gold Coast"
1033,"Goma"
1034,"Gombe"
1035,"Gomel"
969,"Gómez Palacio"
1036,"Gonbad E Qabus"
1037,"Gonda"
1038,"Gondal"
1039,"Gondar"
1040,"Gongzhuling"
1041,"Gorakhpur"
1042,"Gorgan"
1043,"Gorontalo"
1044,"Gorzow Wielkopolski"
970,"Göteborg"
971,"Göttingen"
1045,"Governador Valadares"
1046,"Granada"
1047,"Grand Prairie"
1048,"Grand Rapids"
1049,"Gravataí"
1050,"Graz"
1051,"Green Bay"
1052,"Greensboro"
1053,"Grenoble"
1054,"Grogol"
1055,"Groningen"
1057,"Guacara"
1058,"Guadalajara"
1059,"Guadalupe"
1056,"Guaíba"
1060,"Guanare"
1061,"Guangshui"
1062,"Guangyuan"
1063,"Guangzhou"
1064,"Guantánamo"
1065,"Guarapari"
1066,"Guarapuava"
1067,"Guaratinguetá"
1068,"Guarenas"
1069,"Guarujá"
1070,"Guarulhos"
1071,"Guatemala"
1072,"Guatemala City"
1073,"Guatire"
1074,"Guayaquil"
1075,"Guaymas"
1076,"Gudalur"
1077,"Gudivada"
1078,"Guelph"
1079,"Guilin"
1080,"Guiyang"
1081,"Gujranwala"
1082,"Gujrat"
1083,"Gulbarga"
1084,"Gulu"
1085,"Guna"
1086,"Guntakal"
1087,"Guntur"
1088,"Gurgaon"
1089,"Gusau"
1090,"Guwahati"
1091,"Gwalior"
1092,"Gweru"
1093,"Gyor"
1094,"Gyumri"
1096,"Ha Noi"
1097,"Haarlem"
1098,"Haarlemmermeer"
1099,"Habikino"
1100,"Habra"
1101,"Hachinohe"
1102,"Hachioji"
1103,"Hadano"
1104,"Hadejia"
1105,"Hafizabad"
1106,"Hagen"
1107,"Hagonoy"
1108,"Hai Phong"
1109,"Haibowan"
1110,"Haicheng"
1111,"Haifa"
1112,"Haikou"
1113,"Hailar"
1114,"Hailun"
1115,"Haimen"
1116,"Hajipur"
1117,"Hakodate"
1118,"Haldia"
1119,"Haldwani"
1120,"Halifax"
1121,"Halisahar"
1122,"Halle"
1123,"Hamadan"
1124,"Hamamatsu"
1125,"Hamburg"
1126,"Hami"
1127,"Hamilton"
1128,"Hamm"
1129,"Hampton"
1130,"Handa"
1131,"Handan"
1132,"Hangu"
1133,"Hangzhou"
1134,"Hanoi"
1135,"Hanover"
1136,"Hanumangarh"
1137,"Hanzhong"
1138,"Haora"
1139,"Hapur"
1140,"Harare"
1141,"Harbin"
1142,"Hardoi"
1143,"Hargeysa"
1144,"Haridwar"
1145,"Hartford"
1146,"Hassan"
1147,"Hat Yai"
1148,"Hathras"
1149,"Hayward"
1150,"Hazaribag"
1151,"Hebi"
1152,"Hefei"
1153,"Hegang"
1154,"Heidelberg"
1155,"Heihe"
1156,"Heilbronn"
1157,"Helsinki"
1158,"Henderson"
1159,"Hengshan"
1160,"Hengshui"
1161,"Hengyang"
1162,"Henzada"
1163,"Herat"
1164,"Hermosillo"
1165,"Herne"
1166,"Heze"
1167,"Hialeah"
1169,"Highlands Ranch"
1168,"Higüey"
1170,"Hikone"
1171,"Hildesheim"
1172,"Himeji"
1173,"Hindupur"
1174,"Hino"
1175,"Hirakata"
1176,"Hiratsuka"
1177,"Hirosaki"
1178,"Hiroshima"
1179,"Hisar"
1180,"Hitachi"
1181,"Ho Chi Minh City"
1095,"Hòa Bình"
1182,"Hobart"
1183,"Hofu"
1184,"Hohhot"
1185,"Holguín"
1186,"Hollywood"
1187,"Hong Gai"
1188,"Honggang"
1189,"Honghu"
1190,"Horlivka"
1191,"Hortolândia"
1192,"Hoshangabad"
1193,"Hoshiarpur"
1194,"Hospet"
1195,"Hosur"
1196,"Houma"
1197,"Houston"
1198,"Hrodna"
1199,"Hsichih"
1200,"Hsinchu"
1201,"Hsintien"
1203,"Huadian"
1204,"Huaibei"
1205,"Huaihua"
1206,"Huainan"
1207,"Huaiyin"
1208,"Huambo"
1209,"Huancayo"
1210,"Huangcun"
1211,"Huangpu"
1212,"Huangyan"
1213,"Huangzhou"
1202,"Huánuco"
1214,"Hubli"
1215,"Huddersfield"
1216,"Hue"
1217,"Huelva"
1218,"Huicheng"
1219,"Huixquilucan"
1220,"Huizhou"
1221,"Hulan"
1222,"Hulan Ergi"
1223,"Humen"
1224,"Huntington Beach"
1225,"Huntsville"
1226,"Huzhou"
1227,"Hyderabad"
1228,"Iasi"
1229,"Ibadan"
1230,"Ibagué"
1231,"Ibaraki"
1232,"Ibarra"
1233,"Ibb"
1234,"Ibirité"
1235,"Ica"
1236,"Ichalkaranji"
1237,"Ichihara"
1238,"Ichikawa"
1239,"Ichinomiya"
1240,"Idlib"
1241,"Ife"
1242,"Igboho"
1243,"Iguala"
1244,"Iida"
1245,"Ijero"
1246,"Ikare"
1247,"Ikere"
1248,"Ikire"
1249,"Ikirun"
1250,"Ikole"
1251,"Ikoma"
1252,"Ikorodu"
1253,"Ikot Ekpene"
1254,"Ila"
1255,"Ilam"
1256,"Ilawe"
1257,"Ilebo"
1258,"Ilesha"
1259,"Ilhéus"
1260,"Iligan"
1261,"Ilobu"
1262,"Iloilo"
1263,"Ilorin"
1264,"Imabari"
1265,"Imperatriz"
1266,"Imphal"
1267,"Inazawa"
1268,"Indaiatuba"
1269,"Independence"
1270,"Indianapolis"
1271,"Indore"
1272,"Indramayu"
1273,"Inegol"
1274,"Inglewood"
1275,"Ingolstadt"
1276,"Ingraj Bazar"
1277,"Inisa"
1278,"Innsbruck"
1279,"Ipatinga"
1280,"Ipoh"
1281,"Ipswich"
1282,"Iquique"
1283,"Iquitos"
1284,"Iráklion"
1285,"Iranshahr"
1286,"Irapuato"
1287,"Irbid"
1288,"Irbil"
1289,"Iringa"
1290,"Irkutsk"
1291,"Iruma"
1292,"Irvine"
1293,"Irving"
1294,"Ise"
1295,"Isehara"
1296,"Isesaki"
1297,"Iseyin"
1298,"Ishinomaki"
1299,"Isiro"
1300,"Iskenderun"
1301,"Islamabad"
1302,"Ismailia"
1303,"Isparta"
1304,"Istanbul"
1305,"Itaboraí"
1306,"Itabuna"
1308,"Itaguaí"
1307,"Itagüí"
1309,"Itajaí"
1310,"Itami"
1311,"Itapecerica Da Serra"
1312,"Itapetininga"
1313,"Itapevi"
1314,"Itaquaquecetuba"
1315,"Itarsi"
1316,"Itu"
1317,"Ivanovo"
1318,"Iwaki"
1319,"Iwakuni"
1320,"Iwatsuki"
1321,"Iwo"
1322,"Ixtapaluca"
1323,"Izhevsk"
1324,"Izmir"
1325,"Izmit"
1326,"Izumi"
1329,"Jabalpur"
1330,"Jaboatão"
1331,"Jacareí"
1332,"Jackson"
1333,"Jacksonville"
1334,"Jacobabad"
1327,"Jaén"
1335,"Jaffna"
1336,"Jagadhri"
1337,"Jahrom"
1338,"Jaipur"
1339,"Jakarta"
1340,"Jalalabad"
1341,"Jalandhar"
1342,"Jalingo"
1343,"Jalna"
1344,"Jalpaiguri"
1345,"Jamalpur"
1346,"Jamame"
1347,"Jambi"
1348,"Jammu"
1349,"Jamnagar"
1350,"Jamshedpur"
1351,"Jamuria"
1352,"Jandira"
1353,"Jaraguá Do Sul"
1354,"Jaramana"
1355,"Jaranwala"
1328,"Jaú"
1356,"Jaunpur"
1357,"Jember"
1358,"Jequié"
1359,"Jerez"
1360,"Jersey City"
1361,"Jerusalem"
1362,"Jetpur"
1363,"Jhang"
1364,"Jhansi"
1365,"Jhelum"
1366,"Jhunjhunun"
1367,"Ji Paraná"
1368,"Jiamusi"
1369,"Jian"
1370,"Jiangmen"
1371,"Jiangyin"
1372,"Jiangyou"
1373,"Jiaohe"
1374,"Jiaojiang"
1375,"Jiaozhou"
1376,"Jiaozuo"
1377,"Jiaxing"
1378,"Jiayuguan"
1379,"Jiazi"
1380,"Jibuti"
1381,"Jiddah"
1382,"Jieshi"
1383,"Jieshou"
1384,"Jilin"
1385,"Jimeta"
1386,"Jimma"
1387,"Jinan"
1388,"Jinchang"
1389,"Jinchengjiang"
1390,"Jind"
1391,"Jingdezhen"
1392,"Jinhua"
1393,"Jining"
1394,"Jinxi"
1395,"Jinzhou"
1396,"Jiroft"
1397,"Jishou"
1398,"Jishu"
1399,"Jiujiang"
1400,"Jiupu"
1401,"Jiutai"
1402,"Jiutepec"
1403,"Jixi"
1404,"João Pessoa"
1405,"Jodhpur"
1406,"Joetsu"
1407,"Johannesburg"
1408,"Johor Bahru"
1409,"Joinville"
1410,"Joliet"
1411,"Jolo"
1412,"Jombang"
1413,"Jos"
1415,"Juarez"
1414,"Juàzeiro"
1416,"Juazeiro Do Norte"
1417,"Juba"
1418,"Juiz De Fora"
1419,"Jujuy"
1420,"Juliaca"
1421,"Junagadh"
1422,"Jundiaí"
1424,"Kabankalan"
1425,"Kabul"
1426,"Kabwe"
1427,"Kadoma"
1428,"Kaduna"
1429,"Kahramanmaras"
1430,"Kaifeng"
1431,"Kaili"
1432,"Kaithal"
1433,"Kaiyuan"
1434,"Kakamigahara"
1435,"Kakinada"
1436,"Kakogawa"
1437,"Kalemie"
1438,"Kaliningrad"
1439,"Kalisz"
1440,"Kallithéa"
1441,"Kalmunai"
1442,"Kalol"
1443,"Kaluga"
1444,"Kalyan"
1445,"Kamagaya"
1446,"Kamakura"
1447,"Kamalia"
1448,"Kamarhati"
1449,"Kamensk Uralskiy"
1450,"Kamoke"
1451,"Kampala"
1452,"Kamyshin"
1453,"Kananga"
1454,"Kanchipuram"
1455,"Kanchrapara"
1456,"Kandi"
1457,"Kandy"
1458,"Kankan"
1459,"Kano"
1460,"Kanpur"
1461,"Kansas City"
1462,"Kansk"
1463,"Kaohsiung"
1464,"Kaolack"
1465,"Kapra"
1466,"Karachi"
1467,"Karaj"
1468,"Karaman"
1469,"Karamay"
1470,"Karang Tengah"
1471,"Karawang"
1472,"Karimnagar"
1473,"Kariya"
1474,"Karlsruhe"
1475,"Karnal"
1476,"Kashan"
1477,"Kashi"
1478,"Kashihara"
1479,"Kashipur"
1480,"Kashiwa"
1481,"Kassala"
1482,"Kassel"
1483,"Kasuga"
1484,"Kasugai"
1485,"Kasukabe"
1486,"Kasur"
1487,"Kathmandu"
1488,"Katihar"
1489,"Katowice"
1490,"Katsina"
1491,"Katumba"
1492,"Kaunas"
1493,"Kawagoe"
1494,"Kawaguchi"
1495,"Kawanishi"
1496,"Kawasaki"
1497,"Kayseri"
1498,"Kazan"
1499,"Kebumen"
1500,"Kecskemét"
1501,"Kediri"
1502,"Kedungwuni"
1503,"Keelung"
1504,"Kelowna"
1505,"Kemang"
1506,"Kemerovo"
1507,"Kendari"
1508,"Kenitra"
1509,"Kerch"
1510,"Kerman"
1511,"Kermanshah"
1512,"Khabarovsk"
1513,"Khairpur"
1514,"Khammam"
1515,"Khandwa"
1516,"Khanewal"
1517,"Khanna"
1518,"Khanpur"
1519,"Kharagpur"
1520,"Khardaha"
1521,"Khartoum"
1522,"Kherson"
1523,"Khimki"
1524,"Khlong Luang"
1525,"Khomeynishahr"
1526,"Khon Kaen"
1527,"Khorramabad"
1528,"Khorramshahr"
1529,"Khoy"
1530,"Khujand"
1531,"Khulna"
1532,"Khurja"
1533,"Khushab"
1534,"Khuzdar"
1535,"Kiel"
1536,"Kielce"
1537,"Kiev"
1538,"Kigali"
1539,"Kigoma"
1540,"Kikwit"
1541,"Killeen"
1542,"Kimberley"
1543,"Kindia"
1544,"Kindu"
1545,"Kingston"
1546,"Kingston Upon Hull"
1547,"Kinshasa"
1548,"Kirkuk"
1549,"Kirov"
1550,"Kirovohrad"
1551,"Kiryu"
1552,"Kisangani"
1553,"Kisaran"
1554,"Kisarazu"
1555,"Kishi"
1556,"Kishiwada"
1557,"Kislovodsk"
1558,"Kismayo"
1559,"Kisumu"
1560,"Kitakyushu"
1561,"Kitami"
1562,"Kitchener"
1563,"Kitwe"
1564,"Klaipeda"
1565,"Klang"
1566,"Klaten"
1567,"Klerksdorp"
1568,"Kluang"
1569,"Knoxville"
1570,"Kobe"
1571,"Koblenz"
1572,"Kochi"
1573,"Kodaira"
1574,"Koganei"
1575,"Kohat"
1576,"Koidu"
1577,"Kokubunji"
1578,"Kolar"
1579,"Kolhapur"
1580,"Kollam"
1581,"Kolomna"
1582,"Kolpino"
1583,"Komaki"
1584,"Komatsu"
1585,"Komsomolsk Na Amure"
1586,"Konan"
1587,"Konya"
1588,"Korba"
1589,"Korhogo"
1590,"Koriyama"
1591,"Korla"
1592,"Koronadal"
1593,"Koshigaya"
1594,"Kosice"
1595,"Kostroma"
1596,"Koszalin"
1597,"Kot Addu"
1598,"Kota"
1599,"Kota Bahru"
1600,"Kota Kinabalu"
1601,"Kotte"
1602,"Kousséri"
1603,"Kovrov"
1604,"Kpalimé"
1605,"Krasnodar"
1606,"Krasnoyarsk"
1607,"Krefeld"
1608,"Kremenchuk"
1609,"Kresek"
1610,"Krishnanagar"
1611,"Kroonstad"
1612,"Krugersdorp"
1613,"Kryvyy Rih"
1614,"Kuala Lumpur"
1615,"Kuala Terengganu"
1616,"Kuantan"
1617,"Kuching"
1618,"Kuhdasht"
1619,"Kuito"
1620,"Kulim"
1621,"Kulti"
1622,"Kumagaya"
1623,"Kumanovo"
1624,"Kumasi"
1625,"Kumba"
1626,"Kumbakonam"
1627,"Kunming"
1628,"Kupang"
1629,"Kurashiki"
1630,"Kure"
1631,"Kurgan"
1632,"Kursk"
1633,"Kurume"
1634,"Kusatsu"
1635,"Kusti"
1423,"Kütahya"
1636,"Kuwana"
1637,"Kuytun"
1638,"Kwekwe"
1639,"Kyzyl"
1643,"La Ceiba"
1644,"La Paz"
1645,"La Plata"
1646,"La Rioja"
1647,"La Romana"
1648,"La Serena"
1649,"La Vega"
1650,"Lafayette"
1651,"Lafia"
1652,"Lafiagi"
1653,"Lages"
1654,"Lagos"
1655,"Lahad Datu"
1656,"Lahore"
1657,"Laiwu"
1658,"Laiyang"
1659,"Lakewood"
1660,"Lakhimpur"
1661,"Lakhnau"
1662,"Lalitpur"
1663,"Lambaré"
1664,"Lampang"
1665,"Lancaster"
1666,"Langfang"
1667,"Lansing"
1668,"Lanzhou"
1669,"Laoag"
1670,"Laohekou"
1671,"Lapu Lapu"
1672,"Laredo"
1640,"Lárisa"
1673,"Larkana"
1674,"Las Palmas"
1675,"Las Tunas"
1676,"Las Vegas"
1677,"Lasa"
1678,"Lashio"
1679,"Latina"
1680,"Latur"
1681,"Lausanne"
1682,"Lawang"
1684,"Le Havre"
1685,"Le Mans"
1686,"Leeds"
1687,"Leganés"
1688,"Legaspi"
1689,"Leghorn"
1690,"Legnica"
1691,"Leicester"
1692,"Leiden"
1693,"Leipzig"
1694,"Leiyang"
1695,"Lembang"
1696,"Lemesos"
1697,"Lengshuijiang"
1698,"Leninsk Kuznetskiy"
1683,"León"
1699,"Leshan"
1700,"Leuwiliang"
1701,"Leverkusen"
1702,"Lexington Fayette"
1704,"Liancheng"
1705,"Lianran"
1706,"Liaocheng"
1707,"Liaoyang"
1708,"Libreville"
1709,"Licheng"
1710,"Lichinga"
1703,"Liège"
1711,"Likasi"
1712,"Lille"
1713,"Lilongwe"
1714,"Lima"
1715,"Limeira"
1716,"Limoges"
1717,"Linchuan"
1718,"Lincoln"
1719,"Linfen"
1720,"Linhai"
1721,"Linhares"
1722,"Linqing"
1723,"Linshui"
1724,"Linxi"
1725,"Linxia"
1726,"Linz"
1727,"Lipa"
1728,"Lipetsk"
1729,"Lira"
1730,"Lisbon"
1731,"Little Rock"
1732,"Liusha"
1733,"Liuzhou"
1734,"Liverpool"
1735,"Livingstone"
1736,"Ljubljana"
1737,"Lleida"
1738,"Loa Janan"
1739,"Lobito"
1740,"Logroño"
1741,"Loja"
1742,"London"
1743,"Londrina"
1744,"Long Beach"
1745,"Long Xuyên"
1746,"Longfeng"
1747,"Longjiang"
1748,"Longjing"
1749,"Longyan"
1750,"Loni"
1641,"López Mateos"
1751,"Los Angeles"
1752,"Los Mochis"
1753,"Los Reyes"
1754,"Los Teques"
1755,"Loudi"
1756,"Louga"
1757,"Louisville"
1758,"Loum"
1759,"Lowell"
1760,"Lower Hutt"
1761,"Luan"
1762,"Luancheng"
1763,"Luanda"
1764,"Luanshya"
1765,"Lubango"
1766,"Lubbock"
1642,"Lübeck"
1767,"Lublin"
1768,"Lubumbashi"
1769,"Lucena"
1770,"Luchou"
1771,"Ludhiana"
1772,"Ludwigshafen"
1773,"Lumajang"
1774,"Luohe"
1775,"Luoyang"
1776,"Luqiao"
1777,"Luque"
1778,"Lusaka"
1779,"Luton"
1780,"Luxor"
1781,"Luzhou"
1782,"Luziânia"
1783,"Lvov"
1784,"Lyon"
1785,"Lyubertsy"
1793,"Maanshan"
1794,"Maastricht"
1795,"Maba"
1796,"Mabalacat"
1797,"Macaé"
1798,"Macapá"
1799,"Maceió"
1800,"Machala"
1801,"Macheng"
1802,"Machida"
1803,"Machilipatnam"
1804,"Madanapalle"
1805,"Madhyamgram"
1806,"Madison"
1807,"Madiun"
1808,"Madras"
1809,"Madrid"
1810,"Madurai"
1812,"Magangué"
1813,"Magdeburg"
1811,"Magé"
1814,"Magelang"
1815,"Magnitogorsk"
1816,"Mahabad"
1817,"Mahajanga"
1818,"Mahbubnagar"
1819,"Mahesana"
1820,"Maicao"
1821,"Maiduguri"
1822,"Mainz"
1823,"Maisuru"
1824,"Majalaya"
1825,"Makasar"
1826,"Makati"
1827,"Makhachkala"
1828,"Makiyivka"
1829,"Makurdi"
1830,"Malabo"
1786,"Málaga"
1831,"Malakal"
1832,"Malambo"
1833,"Malang"
1834,"Malatya"
1835,"Malegaon"
1836,"Maler Kotla"
1837,"Malmö"
1838,"Malolos"
1839,"Man"
1840,"Manado"
1841,"Managua"
1842,"Manama"
1843,"Manaus"
1844,"Manbij"
1845,"Manchester"
1846,"Mandalay"
1847,"Mandaue"
1848,"Mandi Bahauddin"
1849,"Mandsaur"
1850,"Mandya"
1851,"Mangaluru"
1852,"Manila"
1853,"Manisa"
1854,"Manizales"
1855,"Mannheim"
1856,"Manta"
1857,"Manzanillo"
1858,"Manzini"
1859,"Maoming"
1860,"Maputo"
1862,"Mar Del Plata"
1863,"Marabá"
1864,"Maracaibo"
1865,"Maracanaú"
1866,"Maracay"
1867,"Maradi"
1868,"Maragheh"
1869,"Marand"
1870,"Marawi"
1871,"Marbella"
1872,"Mardan"
1873,"Mariara"
1861,"Marília"
1874,"Maringá"
1875,"Marivan"
1876,"Maroua"
1877,"Marrakesh"
1878,"Marseille"
1879,"Martapura"
1880,"Marv Dasht"
1881,"Masaya"
1882,"Maseru"
1883,"Mashhad"
1884,"Masjed E Soleyman"
1885,"Matadi"
1886,"Matamoros"
1887,"Matanzas"
1889,"Mataram"
1888,"Mataró"
1890,"Mathura"
1891,"Matola"
1892,"Matsubara"
1893,"Matsudo"
1894,"Matsumoto"
1895,"Matsusaka"
1896,"Maturín"
1897,"Mau"
1898,"Mauá"
1899,"Mawlamyine"
1900,"Maxixe"
1901,"Maykop"
1902,"Maymyo"
1903,"Mazatlán"
1904,"Mazyr"
1905,"Mbandaka"
1906,"Mbeya"
1907,"Mbouda"
1908,"Mbour"
1909,"Mbuji Mayi"
1910,"Mecca"
1911,"Medan"
1787,"Médéa"
1912,"Medellín"
1913,"Meiktila"
1914,"Meilu"
1915,"Mejicanos"
1916,"Melaka"
1917,"Melbourne"
1918,"Memphis"
1919,"Mendoza"
1920,"Mentougou"
1921,"Mercedes"
1922,"Mergui"
1788,"Mérida"
1923,"Mersin"
1924,"Mesa"
1925,"Mesquite"
1926,"Messina"
1927,"Metairie"
1928,"Metepec"
1929,"Metro"
1930,"Metz"
1931,"Mexicali"
1932,"Mexico"
1933,"Meycauayan"
1934,"Mezhdurechensk"
1935,"Miami"
1936,"Miandoab"
1937,"Mianyang"
1938,"Miass"
1939,"Middelburg"
1940,"Middlesbrough"
1941,"Midrand"
1942,"Milagro"
1943,"Milan"
1944,"Milwaukee"
1945,"Minatitlán"
1946,"Mingaora"
1947,"Mingshui"
1948,"Minna"
1949,"Minneapolis"
1950,"Minsk"
1951,"Miramar"
1952,"Miri"
1953,"Mirpur Khas"
1954,"Mirzapur"
1955,"Misato"
1956,"Mishima"
1957,"Miskolc"
1958,"Misratah"
1959,"Mitaka"
1960,"Mixco"
1961,"Miyakonojo"
1962,"Mobile"
1963,"Modakeke"
1964,"Modena"
1965,"Modesto"
1966,"Moers"
1967,"Moga"
1968,"Mogadishu"
1969,"Moji Das Cruzes"
1970,"Mojokerto"
1971,"Mokolo"
1972,"Mombasa"
1790,"Mönchengladbach"
1973,"Monclova"
1974,"Monrovia"
1975,"Montalban"
1976,"Montería"
1977,"Monterrey"
1978,"Montes Claros"
1979,"Montevideo"
1980,"Montgomery"
1981,"Montpellier"
1982,"Montreal"
1983,"Monywa"
1984,"Monza"
1985,"Mopti"
1986,"Moradabad"
1987,"Moratuwa"
1988,"Morelia"
1989,"Morena"
1990,"Moreno Valley"
1991,"Moriguchi"
1992,"Mormugao"
1993,"Morogoro"
1994,"Morvi"
1995,"Moscow"
1996,"Moshi"
1997,"Mossoró"
1998,"Mostar"
1789,"Móstoles"
1999,"Motihari"
2000,"Moundou"
2001,"Mubi"
2002,"Mudanjiang"
2003,"Mufulira"
1791,"Mülheim"
2004,"Mulhouse"
2005,"Multan"
2006,"Munger"
2007,"Munich"
1792,"Münster"
2008,"Murcia"
2009,"Muridke"
2010,"Murmansk"
2011,"Murom"
2012,"Murwara"
2013,"Musashino"
2014,"Musoma"
2015,"Mutare"
2016,"Muzaffargarh"
2017,"Muzaffarnagar"
2018,"Muzaffarpur"
2019,"Mwanza"
2020,"Mwene Ditu"
2021,"My Tho"
2022,"Myingyan"
2023,"Mytishchi"
2025,"Nacala"
2026,"Nadiad"
2027,"Nador"
2028,"Naga"
2029,"Nagaoka"
2030,"Nagareyama"
2031,"Nagda"
2032,"Nagercoil"
2033,"Nagoya"
2034,"Nagpur"
2035,"Naihati"
2036,"Nairobi"
2037,"Najran"
2038,"Nakhodka"
2039,"Nakhon Pathom"
2040,"Nakhon Ratchasima"
2041,"Nakhon Si Thammarat"
2042,"Nakuru"
2043,"Nalchik"
2044,"Nalgonda"
2045,"Nam Dinh"
2046,"Namangan"
2047,"Nampula"
2048,"Namur"
2049,"Nancha"
2050,"Nanchang"
2051,"Nanchong"
2052,"Nancy"
2053,"Nanded"
2054,"Nandurbar"
2055,"Nandyal"
2056,"Nangloi Jat"
2057,"Nanjing"
2058,"Nanning"
2059,"Nanpiao"
2060,"Nantes"
2061,"Nantong"
2062,"Nantou"
2063,"Nanyang"
2064,"Naperville"
2065,"Naples"
2066,"Narashino"
2067,"Narayanganj"
2068,"Narita"
2069,"Narsingdi"
2070,"Nashville"
2071,"Nassau"
2072,"Natal"
2073,"Naucalpan"
2074,"Navadwip"
2075,"Navoi"
2076,"Navsari"
2077,"Nawabganj"
2078,"Nawabshah"
2079,"Nazilli"
2080,"Nazran"
2081,"Nazret"
2082,"Ndola"
2083,"Neftekamsk"
2084,"Nefteyugansk"
2085,"Negombo"
2086,"Nehe"
2087,"Neijiang"
2088,"Neiva"
2089,"Nelspruit"
2090,"Netanya"
2091,"Neuquen"
2092,"Neuss"
2093,"Nevinnomyssk"
2094,"New Delhi"
2095,"New Haven"
2096,"New Orleans"
2097,"New York"
2098,"Newark"
2099,"Newcastle"
2100,"Newcastle Upon Tyne"
2101,"Newport"
2102,"Newport News"
2103,"Neyagawa"
2104,"Neyshabur"
2105,"Neyveli"
2106,"Nezahualcóyotl"
2107,"Ngaoundéré"
2108,"Nguru"
2109,"Nha Trang"
2110,"Niamey"
2111,"Nice"
2112,"Nicolás Romero"
2113,"Nigel"
2114,"Niigata"
2115,"Niihama"
2116,"Niiza"
2117,"Nijmegen"
2118,"Nilópolis"
2024,"Nîmes"
2119,"Ningbo"
2120,"Nishinomiya"
2121,"Nishio"
2122,"Niterói"
2123,"Nizamabad"
2124,"Nizhnekamsk"
2125,"Nizhnevartovsk"
2126,"Nizhniy Novgorod"
2127,"Nizhniy Tagil"
2128,"Nkongsamba"
2129,"Nkpor"
2130,"Nnewi"
2131,"Nobeoka"
2132,"Noda"
2133,"Nogales"
2134,"Noginsk"
2135,"Nonthaburi"
2136,"Norfolk"
2137,"Norilsk"
2138,"Norman"
2139,"North Las Vegas"
2140,"North Shore"
2141,"Northampton"
2142,"Norwalk"
2143,"Norwich"
2144,"Nossa Senhora Do Socorro"
2145,"Nottingham"
2146,"Nouakchott"
2147,"Nova Friburgo"
2148,"Nova Iguaçu"
2149,"Novara"
2150,"Novo Hamburgo"
2151,"Novocheboksarsk"
2152,"Novocherkassk"
2153,"Novokuznetsk"
2154,"Novomoskovsk"
2155,"Novorossiysk"
2156,"Novosibirsk"
2157,"Novotroitsk"
2158,"Nsukka"
2159,"Nueva San Salvador"
2160,"Nuevo Laredo"
2161,"Nukus"
2162,"Numazu"
2163,"Nuremberg"
2164,"Nyíregyháza"
2165,"Nzérékoré"
2166,"Oakland"
2167,"Oaxaca"
2168,"Oberhausen"
2169,"Obihiro"
2170,"Obninsk"
2171,"Obosi"
2172,"Obregon"
2173,"Obuasi"
2174,"Oceanside"
2175,"Ocumare Del Tuy"
2176,"Odawara"
2177,"Odense"
2178,"Odesa"
2179,"Odintsovo"
2180,"Offa"
2181,"Offenbach"
2182,"Ogaki"
2183,"Ogbomosho"
2184,"Okara"
2185,"Okazaki"
2186,"Oklahoma City"
2187,"Okrika"
2188,"Oktyabrskiy"
2189,"Olathe"
2190,"Oldenburg"
2191,"Oldham"
2192,"Olinda"
2193,"Olomouc"
2194,"Olongapo"
2195,"Olsztyn"
2196,"Omaha"
2197,"Ome"
2198,"Omsk"
2199,"Omuta"
2200,"Ondo"
2201,"Ongole"
2202,"Onitsha"
2203,"Ontario"
2204,"Opobo"
2205,"Opole"
2207,"Oradea"
2208,"Orai"
2209,"Orange"
2210,"Ordu"
2211,"Orekhovo Zuevo"
2206,"Orël"
2212,"Orizaba"
2213,"Orkney"
2215,"Orlando"
2214,"Orléans"
2216,"Oron"
2217,"Orsha"
2218,"Orsk"
2219,"Orumiyeh"
2220,"Oruro"
2221,"Osasco"
2222,"Oshawa"
2223,"Oshogbo"
4,"Öskemen"
2224,"Oslo"
2225,"Osmaniye"
2226,"Osnabrück"
2227,"Osorno"
2228,"Ostrava"
2229,"Ota"
2230,"Otaru"
2231,"Ottawa"
2232,"Otukpo"
2233,"Ouagadougou"
2234,"Oulu"
2235,"Overland Park"
2236,"Oviedo"
2237,"Owerri"
2238,"Owo"
2239,"Oxford"
2240,"Oxnard"
2241,"Oyama"
2242,"Oyo"
2248,"Paarl"
2249,"Pabna"
2250,"Pacet"
2251,"Pachuca"
2252,"Padalarang"
2253,"Padang"
2254,"Paderborn"
2255,"Padova"
2256,"Pagadian"
2257,"Pak Kret"
2258,"Pakokku"
2259,"Pakpattan"
2260,"Palakkad"
2261,"Palanpur"
2262,"Palembang"
2263,"Palermo"
2264,"Palhoça"
2265,"Pali"
2266,"Pallavaram"
2267,"Palma"
2268,"Palma Soriano"
2269,"Palmas"
2270,"Palmdale"
2271,"Palmira"
2272,"Palo Negro"
2273,"Palu"
2274,"Palwal"
2275,"Pamanukan"
2276,"Pamplona"
2277,"Pamulang"
2278,"Panamá"
2279,"Panchiao"
2280,"Panevezys"
2281,"Pangkah"
2282,"Panihati"
2283,"Panipat"
2284,"Panvel"
2285,"Panzhihua"
2286,"Paradise"
2287,"Parakou"
2288,"Paramaribo"
2289,"Parana"
2290,"Paranaguá"
2291,"Parbhani"
2292,"Paris"
2293,"Parma"
2294,"Parnaíba"
2295,"Parnamirim"
2296,"Parsabad"
2297,"Parung"
2298,"Pasadena"
2299,"Pasarkemis"
2300,"Paseh"
2301,"Pasir Gudang"
2302,"Passo Fundo"
2303,"Pasto"
2304,"Pasuruan"
2305,"Patan"
2306,"Pate"
2307,"Paterson"
2308,"Pathankot"
2309,"Pathein"
2310,"Pati"
2311,"Patiala"
2312,"Patna"
2313,"Patos De Minas"
2243,"Pátrai"
2314,"Paulista"
2315,"Pavlodar"
2316,"Pavlohrad"
2317,"Payakumbuh"
2244,"Pécs"
2318,"Pekalongan"
2319,"Peking"
2320,"Pelotas"
2321,"Pemalang"
2322,"Pemba"
2323,"Pembroke Pines"
2324,"Penza"
2325,"Peoria"
2326,"Perbaungan"
2327,"Pereira"
2328,"Peristérion"
2329,"Perm"
2330,"Perpignan"
2331,"Perth"
2332,"Perugia"
2333,"Pervouralsk"
2334,"Pescara"
2335,"Peshawar"
2336,"Petaling Jaya"
2337,"Petapa"
2338,"Petare"
2339,"Peterborough"
2245,"Pétionville"
2341,"Petrolina"
2342,"Petropavl"
2343,"Petropavlovsk Kamchatskiy"
2340,"Petrópolis"
2344,"Petrozavodsk"
2345,"Pforzheim"
2346,"Phagwara"
2347,"Phalaborwa"
2348,"Phan Thiet"
2349,"Philadelphia"
2350,"Phitsanulok"
2351,"Phnum Pénh"
2352,"Phoenix"
2353,"Phra Pradaeng"
2354,"Piatra Neamt"
2355,"Piedras Negras"
2356,"Pietermaritzburg"
2357,"Pietersburg"
2358,"Pilibhit"
2359,"Pimpri"
2360,"Pinar Del Río"
2361,"Pindamonhangaba"
2362,"Pindiga"
2363,"Pingchen"
2364,"Pingdingshan"
2365,"Pingliang"
2366,"Pingshan"
2367,"Pingtung"
2368,"Pingxiang"
2369,"Pinsk"
2370,"Piracicaba"
2371,"Pitesti"
2372,"Pittsburgh"
2373,"Piura"
2375,"Plano"
2374,"Plây Cu"
2376,"Pleven"
2377,"Plock"
2378,"Ploiesti"
2379,"Plovdiv"
2380,"Plumbon"
2381,"Plymouth"
2382,"Plzen"
2383,"Poá"
2384,"Poços De Caldas"
2385,"Podolsk"
2386,"Pokhara"
2387,"Poltava"
2388,"Pomona"
2389,"Ponce"
2390,"Pondicherry"
2391,"Ponnani"
2392,"Ponta Grossa"
2393,"Pontianak"
2394,"Poole"
2395,"Porbandar"
2396,"Port Au Prince"
2397,"Port Blair"
2398,"Port Elizabeth"
2399,"Port Gentil"
2400,"Port Harcourt"
2401,"Port Louis"
2402,"Port Moresby"
2403,"Port Said"
2404,"Port Saint Lucie"
2405,"Portland"
2406,"Portmore"
2407,"Porto"
2408,"Porto Alegre"
2246,"Pôrto Seguro"
2247,"Pôrto Velho"
2409,"Portoviejo"
2410,"Portsmouth"
2411,"Posadas"
2412,"Potchefstroom"
2413,"Potgietersrus"
2414,"Potosí"
2415,"Potsdam"
2416,"Pouso Alegre"
2417,"Poznan"
2418,"Prabumulih"
2419,"Prague"
2420,"Praia Grande"
2421,"Prato"
2422,"Presidente Prudente"
2423,"Preston"
2424,"Pretoria"
2425,"Pringsewu"
2426,"Probolinggo"
2427,"Proddatur"
2428,"Prokopyevsk"
2429,"Providence"
2430,"Provo"
2431,"Pskov"
2432,"Pucallpa"
2433,"Pudukkottai"
2434,"Puebla"
2435,"Pueblo"
2436,"Puerto Cabello"
2437,"Puerto Montt"
2438,"Puerto Plata"
2439,"Puerto Princesa"
2440,"Puerto Vallarta"
2441,"Pulandian"
2442,"Pune"
2443,"Puno"
2444,"Punta Arenas"
2445,"Punto Fijo"
2446,"Puqi"
2447,"Puri"
2448,"Purnia"
2449,"Puruliya"
2450,"Purwakarta"
2451,"Purwodadi"
2452,"Purwokerto"
2453,"Purworejo"
2454,"Puyang"
2455,"Pyatigorsk"
2456,"Pyay"
2457,"Qabis"
2458,"Qalyub"
2459,"Qandahar"
2460,"Qarchak"
2461,"Qazvin"
2462,"Qena"
2463,"Qianguo"
2464,"Qianjiang"
2465,"Qingdao"
2466,"Qingyuan"
2467,"Qinhuangdao"
2468,"Qinzhou"
2469,"Qiqihar"
2470,"Qitaihe"
2471,"Qom"
2472,"Qostanay"
2473,"Quanzhou"
2474,"Quchan"
2475,"Quebec"
2476,"Queenstown"
2477,"Queimados"
2478,"Quelimane"
2479,"Queluz"
2480,"Querétaro"
2481,"Quetta"
2482,"Quetzaltenango"
2483,"Quevedo"
2484,"Qui Nhon"
2485,"Quilpue"
2486,"Quito"
2487,"Qujing"
2488,"Qunduz"
2489,"Rabak"
2490,"Rabat"
2491,"Rach Gia"
2492,"Radom"
2493,"Rae Bareli"
2494,"Rafsanjan"
2495,"Raichur"
2496,"Raiganj"
2497,"Raigarh"
2498,"Raipur"
2499,"Rajamahendri"
2500,"Rajapalaiyam"
2501,"Rajkot"
2502,"Rajpur"
2503,"Rajshahi"
2504,"Raleigh"
2505,"Ramat Gan"
2506,"Ramnicu Valcea"
2507,"Rampur"
2508,"Rancaekek"
2509,"Rancagua"
2510,"Ranchi"
2511,"Rancho Cucamonga"
2512,"Randfontein"
2513,"Ranghulu"
2514,"Rangkasbitung"
2515,"Rangoon"
2516,"Rangpur"
2517,"Raniganj"
2518,"Rantauprapat"
2519,"Rasht"
2520,"Ratisbon"
2521,"Ratlam"
2522,"Raurkela"
2523,"Ravenna"
2524,"Rawalpindi"
2525,"Rawang"
2526,"Rayong"
2527,"Reading"
2528,"Recife"
2529,"Recklinghausen"
2530,"Reggio Di Calabria"
2531,"Regina"
2532,"Reims"
2533,"Remscheid"
2534,"Rengasdengklok"
2535,"Rennes"
2536,"Reno"
2537,"Resende"
2538,"Resistencia"
2539,"Reutlingen"
2540,"Rewa"
2541,"Rewari"
2542,"Reykjavík"
2543,"Reynosa"
2544,"Rialto"
2545,"Ribeirão Das Neves"
2546,"Ribeirão Pires"
2547,"Ribeirão Prêto"
2548,"Richards Bay"
2549,"Richardson"
2550,"Richmond"
2551,"Riga"
2552,"Rijeka"
2553,"Rimini"
2554,"Rio Branco"
2555,"Rio Claro"
2556,"Rio Cuarto"
2557,"Rio De Janeiro"
2558,"Rio Grande"
2559,"Riobamba"
2560,"Rishra"
2561,"Riverside"
2562,"Rivne"
2563,"Riyadh"
2564,"Rizhao"
2565,"Robertsonpet"
2566,"Rochester"
2567,"Rockford"
2568,"Rohtak"
2569,"Rome"
2570,"Rondonópolis"
2571,"Rongcheng"
2572,"Rosario"
2573,"Roseville"
2574,"Rostock"
2575,"Rostov Na Donu"
2576,"Rotherham"
2577,"Rotterdam"
2578,"Rouen"
2579,"Roxas"
2580,"Rubtsovsk"
2581,"Ruda Slaska"
2582,"Ruian"
2583,"Ruiru"
2584,"Ruse"
2585,"Rustenburg"
2586,"Ryazan"
2587,"Rybinsk"
2588,"Rybnik"
2589,"Rzeszow"
2603,"Saarbrücken"
2604,"Sabadell"
2605,"Sabará"
2606,"Sabha"
2607,"Sabratah"
2608,"Sabzevar"
2609,"Sacramento"
2610,"Sadiqabad"
2611,"Safaqis"
2612,"Saga"
2613,"Sagamihara"
2614,"Sagar"
2615,"Saharanpur"
2616,"Saharsa"
2617,"Sahiwal"
2619,"Saint Denis"
2618,"Saint Étienne"
2620,"Saint Helens"
2621,"Saint Louis"
2622,"Saint Paul"
2623,"Saint Petersburg"
2624,"Saitama"
2625,"Sakai"
2626,"Sakata"
2627,"Sakura"
2628,"Salalah"
2629,"Salamanca"
2630,"Salatiga"
2631,"Salavat"
2632,"Salem"
2633,"Salerno"
2634,"Salihorsk"
2635,"Salinas"
2636,"Salt Lake City"
2637,"Salta"
2638,"Saltillo"
2639,"Salto"
2640,"Salvador"
2641,"Salzburg"
2642,"Salzgitter"
2643,"Samara"
2644,"Samarinda"
2645,"Samarkand"
2646,"Sambalpur"
2647,"Sambhal"
2648,"Samsun"
2649,"Samut Prakan"
2650,"San Antonio"
2651,"San Bernardino"
2652,"San Bernardo"
2653,"San Carlos De Bariloche"
2654,"San Cristóbal"
2655,"San Diego"
2656,"San Fernando"
2657,"San Francisco"
2658,"San Francisco De Macorís"
2659,"San José"
2660,"San Juan"
2661,"San Juan Del Río"
2662,"San Juan Sacatepéquez"
2663,"San Lorenzo"
2664,"San Luis"
2665,"San Luis Potosí"
2666,"San Luis Río Colorado"
2667,"San Martin"
2668,"San Mateo"
2669,"San Miguelito"
2671,"San Nicolas"
2670,"San Nicolás De Los Garza"
2673,"San Pablo"
2674,"San Pablo De Las Salinas"
2672,"San Pédro"
2675,"San Pedro De Macorís"
2676,"San Pedro Sula"
2677,"San Rafael"
2678,"San Salvador"
2679,"Sanandaj"
2680,"Sanbu"
2681,"Sanchung"
2682,"Sancti Spíritus"
2683,"Sanda"
2684,"Sandakan"
2685,"Sanhsia"
2686,"Sanmenxia"
2687,"Sanming"
2688,"Santa Ana"
2689,"Santa Catarina"
2690,"Santa Clara"
2691,"Santa Clarita"
2692,"Santa Cruz"
2693,"Santa Cruz De Tenerife"
2694,"Santa Cruz Do Sul"
2695,"Santa Fe"
2696,"Santa Luzia"
2697,"Santa Maria"
2698,"Santa Marta"
2699,"Santa Rita"
2700,"Santa Rosa"
2701,"Santa Teresa"
2702,"Santander"
2703,"Santarém"
2704,"Santiago"
2705,"Santiago De Cuba"
2706,"Santiago Del Estero"
2707,"Santo André"
2708,"Santo Domingo"
2709,"Santos"
2590,"São Bernardo Do Campo"
2591,"São Caetano Do Sul"
2592,"São Carlos"
2593,"São Gonçalo"
2594,"São João De Meriti"
2595,"São José"
2596,"São José Do Rio Prêto"
2597,"São José Dos Campos"
2598,"São José Dos Pinhais"
2599,"São Leopoldo"
2600,"São Luís"
2601,"São Paulo"
2602,"São Vicente"
2710,"Sapele"
2711,"Sapucaia"
2712,"Saqqez"
2713,"Sarajevo"
2714,"Saransk"
2715,"Sarapul"
2716,"Saratov"
2717,"Sargodha"
2718,"Sarh"
2719,"Sari"
2720,"Sasaram"
2721,"Sasebo"
2722,"Saskatoon"
2723,"Sassari"
2724,"Satara"
2725,"Satkhira"
2726,"Satna"
2727,"Satu Mare"
2728,"Savannah"
2729,"Saveh"
2730,"Sawai Madhopur"
2731,"Sawangan"
2732,"Sayama"
2733,"Scottsdale"
2734,"Seattle"
2735,"Sekondi"
2736,"Sekudai"
2737,"Selam"
2738,"Semarang"
2739,"Semey"
2740,"Semnan"
2741,"Seoni"
2742,"Seoul"
2743,"Sepatan"
2744,"Serang"
2745,"Serekunda"
2746,"Seremban"
2747,"Sergiyev Posad"
2748,"Serpukhov"
2749,"Serra"
2751,"Sete Lagoas"
2752,"Seto"
2750,"Setúbal"
2753,"Severodvinsk"
2754,"Seversk"
2755,"Sevilla"
2756,"Shagamu"
2757,"Shah Alam"
2758,"Shahe"
2759,"Shahjahanpur"
2760,"Shahr E Kord"
2761,"Shahreza"
2762,"Shahrud"
2763,"Shakhty"
2764,"Shaki"
2765,"Shanghai"
2766,"Shangqiu"
2767,"Shangrao"
2768,"Shantipur"
2769,"Shaoguan"
2770,"Shaowu"
2771,"Shaoxing"
2772,"Shaoyang"
2773,"Shaping"
2774,"Sharjah"
2775,"Shashi"
2776,"Sheffield"
2777,"Shekhupura"
2778,"Shenyang"
2779,"Shenzhen"
2780,"Sherbrooke"
2781,"Sherpur"
2782,"Shihezi"
2783,"Shikarpur"
2784,"Shiliguri"
2785,"Shillong"
2786,"Shilong"
2787,"Shimla"
2788,"Shimoga"
2789,"Shimonoseki"
2790,"Shinyanga"
2791,"Shiraz"
2792,"Shishou"
2793,"Shiyan"
2794,"Shizuishan"
2795,"Sholapur"
2796,"Shreveport"
2797,"Shrirampur"
2798,"Shuangcheng"
2799,"Shuangyashan"
2800,"Shulin"
2801,"Shunyi"
2802,"Shymkent"
2803,"Si Racha"
2804,"Sialkot"
2805,"Siauliai"
2806,"Sibiu"
2807,"Sibu"
2808,"Sidoarjo"
2809,"Siegen"
2810,"Siirt"
2811,"Sikar"
2812,"Sikasso"
2813,"Silchar"
2814,"Simi Valley"
2815,"Sincelejo"
2816,"Singapore"
2817,"Singaraja"
2818,"Singkawang"
2819,"Sinnar"
2820,"Sioux Falls"
2821,"Sirajganj"
2822,"Sirjan"
2823,"Sirsa"
2824,"Sitapur"
2825,"Sivas"
2826,"Siverek"
2827,"Siwan"
2828,"Skopje"
2829,"Slough"
2830,"Smolensk"
2831,"Soacha"
2832,"Sobral"
2833,"Soc Trang"
2834,"Sochi"
2835,"Sofia"
2836,"Sogamoso"
2837,"Sohag"
2838,"Soka"
2839,"Sokodé"
2840,"Sokoto"
2841,"Soledad"
2842,"Solikamsk"
2843,"Solingen"
2844,"Somerset West"
2845,"Songea"
2846,"Sonipat"
2847,"Soreang"
2848,"Sorocaba"
2849,"Sorong"
2850,"Sosnowiec"
2851,"Soubré"
2852,"South Bend"
2853,"Southampton"
2854,"Southend On Sea"
2855,"Soweto"
2856,"Soyapango"
2857,"Spanish Town"
2858,"Split"
2859,"Spokane"
2860,"Spring Valley"
2861,"Springfield"
2862,"Springs"
2863,"Srikakulam"
2864,"Srinagar"
2865,"Stamford"
2866,"Stara Zagora"
2867,"Staryy Oskol"
2868,"Stavanger"
2869,"Stavropol"
2870,"Sterling Heights"
2871,"Sterlitamak"
2872,"Stockholm"
2873,"Stockport"
2874,"Stockton"
2875,"Stoke On Trent"
2876,"Strasbourg"
2877,"Stuttgart"
2878,"Subang"
2879,"Suceava"
2880,"Sucre"
2881,"Sudbury"
2882,"Suez"
2883,"Suihua"
2884,"Suining"
2885,"Suita"
2886,"Sujiatun"
2887,"Sukabumi"
2888,"Sukaraja"
2889,"Sukkur"
2890,"Suleja"
2891,"Sullana"
2892,"Sultanpur"
2893,"Sumaré"
2894,"Sumedang"
2895,"Sumy"
2896,"Sunderland"
2897,"Sungai Petani"
2898,"Sunggal"
2899,"Sunnyvale"
2900,"Sunrise Manor"
2901,"Sur"
2902,"Surabaya"
2903,"Surakarta"
2904,"Surat"
2905,"Surat Thani"
2906,"Surendranagar"
2907,"Surgut"
2908,"Suriapet"
2909,"Surt"
2910,"Susah"
2911,"Sutton Coldfield"
2912,"Suzano"
2913,"Suzhou"
2914,"Suzuka"
2915,"Swansea"
2916,"Swindon"
2917,"Sydney"
2918,"Syktyvkar"
2919,"Syracuse"
2920,"Syzran"
2922,"Szczecin"
2923,"Szeged"
2921,"Székesfehérvár"
2926,"Taboão Da Serra"
2927,"Tabora"
2928,"Tabriz"
2929,"Tabuk"
2930,"Tachikawa"
2931,"Tacloban"
2932,"Tacna"
2933,"Tacoma"
2934,"Tadepallegudem"
2935,"Taganrog"
2936,"Tagum"
2937,"Taian"
2938,"Taicheng"
2939,"Taichung"
2940,"Tainan"
2941,"Taipei"
2942,"Taiping"
2943,"Taitung"
2944,"Taiyuan"
2945,"Taizhou"
2946,"Tajimi"
2947,"Takaoka"
2948,"Takarazuka"
2949,"Takasaki"
2950,"Takatsuki"
2951,"Takoradi"
2952,"Talara"
2953,"Talca"
2954,"Talcahuano"
2955,"Tali"
2956,"Talisay"
2957,"Talkha"
2958,"Tallahassee"
2959,"Tallinn"
2960,"Tama"
2961,"Tamale"
2962,"Taman"
2963,"Tambaram"
2964,"Tambov"
2965,"Tambun"
2966,"Tampa"
2967,"Tampere"
2968,"Tampico"
2969,"Tandil"
2970,"Tando Adam"
2971,"Tanete"
2972,"Tanga"
2973,"Tangerang"
2974,"Tanggu"
2975,"Tangier"
2976,"Tangshan"
2977,"Tanjung Morawa"
2978,"Tanshui"
2979,"Tanta"
2980,"Tanza"
2981,"Taonan"
2982,"Taoyüan"
2983,"Tapachula"
2984,"Taranto"
2985,"Taraz"
2986,"Targu Mures"
2987,"Tarhunah"
2988,"Tarija"
2989,"Tarlac"
2990,"Tarnow"
2991,"Tarragona"
2992,"Tarsus"
2993,"Tartu"
2994,"Tartus"
2995,"Tashkent"
2996,"Tasikmalaya"
2997,"Taubaté"
2998,"Taunggyi"
2999,"Tauranga"
3000,"Tawau"
3001,"Taytay"
3002,"Tbilisi"
3004,"Tebingtinggi"
3005,"Tegal"
3006,"Tegucigalpa"
3007,"Tehuacán"
3008,"Tekirdag"
3009,"Tel Aviv Yafo"
3010,"Teluknaga"
3011,"Tema"
3012,"Tembisa"
3013,"Temirtau"
3014,"Tempe"
3015,"Temuco"
3016,"Tenali"
3017,"Tengzhou"
3003,"Teófilo Otoni"
3018,"Tepic"
3020,"Teresina"
3019,"Teresópolis"
3021,"Termiz"
3022,"Ternate"
3023,"Terni"
3024,"Terrassa"
3025,"Teshie"
3026,"Tete"
2924,"Tétouan"
3027,"Texcoco"
3028,"Thái Nguyên"
3029,"Thana"
3030,"Thanesar"
3031,"Thanh Hóa"
3032,"Thanjavur"
3033,"Thanyaburi"
3034,"Thaton"
3035,"The Hague"
3036,"Thessaloníki"
3037,"Thiès"
3038,"Thiruvananthapuram"
3039,"Thornton"
3040,"Thousand Oaks"
3041,"Thrissur"
3042,"Tianjin"
3043,"Tianmen"
3044,"Tieli"
3045,"Tieling"
3046,"Tighina"
3047,"Tijuana"
3048,"Tilburg"
3049,"Timisoara"
3050,"Timon"
3051,"Tirana"
3052,"Tiruchchirappalli"
3053,"Tirunelveli"
3054,"Tirupati"
3055,"Tiruppur"
3056,"Tiruvannamalai"
3057,"Tiruvottiyur"
3058,"Titagarh"
3059,"Tlalnepantla"
3060,"Tlaquepaque"
3061,"Toamasina"
3062,"Toda"
3063,"Tokat"
3064,"Tokorozawa"
3065,"Tokuyama"
3066,"Tokyo"
3067,"Toledo"
3068,"Toliary"
3069,"Toluca"
3070,"Tolyatti"
3071,"Tomakomai"
3072,"Toms River"
3073,"Tomsk"
3074,"Tonalá"
3075,"Tondabayashi"
3076,"Tongchuan"
3077,"Tongliao"
3078,"Tongling"
3079,"Tongzhou"
3080,"Tonk"
3081,"Topeka"
3082,"Toronto"
3083,"Torrance"
3085,"Torrejón De Ardoz"
3084,"Torreón"
3086,"Torun"
3087,"Tottori"
3088,"Touliu"
3089,"Toulon"
3090,"Toulouse"
3091,"Toungoo"
3092,"Tours"
3093,"Townsville"
3094,"Toyohashi"
3095,"Toyokawa"
3096,"Toyonaka"
3097,"Toyota"
3098,"Trabzon"
3099,"Trelew"
3100,"Trento"
3101,"Trier"
3102,"Trieste"
3103,"Trincomalee"
3104,"Tripoli"
3105,"Trois Rivières"
3106,"Trondheim"
3107,"Trujillo"
3108,"Tshikapa"
3109,"Tsuchiura"
3110,"Tsukuba"
3111,"Tubruq"
3112,"Tucheng"
3113,"Tucson"
3114,"Tucuman"
3115,"Tuguegarao"
3116,"Tula"
3117,"Tulancingo"
3118,"Tulsa"
3119,"Tuluá"
3120,"Tumbes"
3121,"Tumkur"
3122,"Tungi"
3123,"Tunis"
3124,"Tunja"
3125,"Turgutlu"
3126,"Turhal"
3127,"Turin"
2925,"Türkmenabat"
3128,"Turku"
3129,"Turmero"
3130,"Tuxtla Gutiérrez"
3131,"Tuzla"
3132,"Tver"
3133,"Tychy"
3134,"Tyumen"
3135,"Ube"
3136,"Uberaba"
3137,"Uberlândia"
3138,"Ubon Ratchathani"
3139,"Udgir"
3140,"Udon Thani"
3141,"Udupi"
3142,"Ueda"
3143,"Ufa"
3144,"Ugep"
3145,"Uitenhage"
3146,"Uji"
3147,"Ujjain"
3148,"Ukhta"
3149,"Ulaanbaatar"
3150,"Ulan Ude"
3151,"Ulhasnagar"
3152,"Ulm"
3153,"Ulubaria"
3154,"Ulyanovsk"
3155,"Umm Durman"
3156,"Umuahia"
3157,"Ungaran"
3158,"Unnao"
3159,"Uppsala"
3160,"Urayasu"
3161,"Urdaneta"
3162,"Urfa"
3163,"Uromi"
3164,"Uruapan"
3165,"Uruguaiana"
5,"Ürümqi"
3166,"Usak"
3167,"Ussuriysk"
3168,"Ust Ilimsk"
3169,"Utrecht"
3170,"Uvira"
3171,"Uyo"
3172,"Uzhhorod"
3176,"Vadodara"
3177,"Valdivia"
3178,"Valencia"
3179,"Valladolid"
3180,"Valledupar"
3181,"Vallejo"
3182,"Valparaiso"
3183,"Van"
3184,"Vanadzor"
3185,"Vancouver"
3186,"Vanderbijlpark"
3187,"Varamin"
3188,"Varanasi"
3189,"Varginha"
3190,"Varna"
3173,"Várzea Grande"
3174,"Várzea Paulista"
3175,"Västerås"
3191,"Vejalpur"
3192,"Velikie Luki"
3193,"Velikiy Novgorod"
3194,"Velluru"
3195,"Venice"
3196,"Veracruz"
3197,"Veraval"
3198,"Vereeniging"
3199,"Verona"
3200,"Verwoerdburg"
3201,"Viamão"
3202,"Vicenza"
3203,"Victoria"
3204,"Vidisha"
3205,"Vienna"
3206,"Vientiane"
3207,"Vigo"
3208,"Vihari"
3209,"Vijayawada"
3210,"Vila Velha"
3211,"Villa Canales"
3212,"Villa Nueva"
3213,"Villahermosa"
3214,"Villavicencio"
3215,"Villeurbanne"
3216,"Vilnius"
3217,"Vina Del Mar"
3218,"Vinh"
3219,"Vinh Long"
3220,"Vinnitsa"
3221,"Vinnytsya"
3222,"Viransehir"
3223,"Virar"
3224,"Virginia"
3225,"Virginia Beach"
3226,"Visakhapatnam"
3227,"Visalia"
3228,"Vitória"
3229,"Vitória Da Conquista"
3230,"Vitória De Santo Antão"
3231,"Vizianagaram"
3232,"Vladikavkaz"
3233,"Vladimir"
3234,"Vladivostok"
3235,"Volgodonsk"
3236,"Volgograd"
3237,"Vologda"
3238,"Volta Redonda"
3239,"Volzhskiy"
3240,"Voronezh"
3241,"Vryheid"
3242,"Vung Tau"
3244,"Waco"
3245,"Wad Madani"
3246,"Wah"
3247,"Wahran"
3248,"Waitakere"
3249,"Walbrzych"
3250,"Walsall"
3251,"Wanxian"
3252,"Warangal"
3253,"Wardha"
3254,"Warqla"
3255,"Warren"
3256,"Warri"
3257,"Warsaw"
3258,"Waru"
3259,"Washington"
3260,"Waterbury"
3261,"Waterloo"
3262,"Watford"
3263,"Waw"
3264,"Wazirabad"
3265,"Weifang"
3266,"Weihai"
3267,"Weinan"
3268,"Welkom"
3269,"Wellington"
3270,"Wencheng"
3271,"Wenzhou"
3272,"Weru"
3273,"West Bromwich"
3274,"West Covina"
3275,"West Jordan"
3276,"West Valley City"
3277,"Westminster"
3278,"Westonaria"
3279,"Wichita"
3280,"Wichita Falls"
3281,"Wiesbaden"
3282,"Windhoek"
3283,"Windsor"
3284,"Winnipeg"
3285,"Winston Salem"
3286,"Witbank"
3287,"Witten"
3288,"Wloclawek"
3289,"Wolfsburg"
3290,"Wollongong"
3291,"Wolverhampton"
3292,"Worcester"
3293,"Wroclaw"
3294,"Wuda"
3295,"Wufeng"
3296,"Wuhan"
3297,"Wuhu"
3298,"Wulanhaote"
3299,"Wuning"
3300,"Wuppertal"
3243,"Würzburg"
3301,"Wuwei"
3302,"Wuxi"
3303,"Wuxue"
3304,"Wuzhou"
3305,"Xai Xai"
3306,"Xalapa"
3307,"Xiamen"
3308,"Xian"
3309,"Xiangdong"
3310,"Xiangfan"
3311,"Xiantao"
3312,"Xianyang"
3313,"Xiaolan"
3314,"Xiazhen"
3315,"Xichang"
3316,"Xico"
3317,"Xingtai"
3318,"Xingyi"
3319,"Xining"
3320,"Xinpu"
3321,"Xintai"
3322,"Xinxiang"
3323,"Xinyang"
3324,"Xinzhou"
3325,"Xuanhua"
3326,"Xuanzhou"
3327,"Xuchang"
3328,"Xuzhou"
3330,"Yaan"
3331,"Yachiyo"
3332,"Yaizu"
3333,"Yakeshi"
3334,"Yamoussoukro"
3335,"Yamunanagar"
3336,"Yanan"
3337,"Yancheng"
3338,"Yangjiang"
3339,"Yangmei"
3340,"Yangzhou"
3341,"Yanji"
3342,"Yantai"
3343,"Yao"
3344,"Yaoundé"
3345,"Yaroslavl"
3346,"Yatsushiro"
3347,"Yavatmal"
3348,"Yazd"
3349,"Yekaterinburg"
3350,"Yelahanka"
3351,"Yelets"
3352,"Yenangyaung"
3353,"Yerevan"
3354,"Yevpatoriya"
3355,"Yibin"
3356,"Yichang"
3357,"Yichun"
3358,"Yidu"
3359,"Yinchuan"
3360,"Yingcheng"
3361,"Yingkou"
3362,"Yingzhong"
3363,"Yining"
3364,"Yiyang"
3365,"Yizheng"
3366,"Yogyakarta"
3367,"Yokkaichi"
3368,"Yokosuka"
3369,"Yonago"
3370,"Yongan"
3371,"Yonkers"
3372,"York"
3329,"Yüanlin"
3373,"Yuci"
3374,"Yueyang"
3375,"Yulin"
3376,"Yuncheng"
3377,"Yungho"
3378,"Yungkang"
3379,"Yushan"
3380,"Yushu"
3381,"Yuyao"
3382,"Zaanstad"
3383,"Zabol"
3384,"Zabrze"
3385,"Zacatecas"
3386,"Zagreb"
3387,"Zalantun"
3388,"Zama"
3389,"Zamboanga"
3390,"Zamora"
3391,"Zanjan"
3392,"Zanzibar"
3393,"Zaoyang"
3394,"Zaozhuang"
3395,"Zapopan"
3396,"Zaporizhzhya"
3397,"Zaragoza"
3398,"Zaria"
3399,"Zelenodolsk"
3400,"Zelenograd"
3401,"Zenica"
3402,"Zhangdian"
3403,"Zhangjiakou"
3404,"Zhangzhou"
3405,"Zhanjiang"
3406,"Zhaocheng"
3407,"Zhaodong"
3408,"Zhaoqing"
3409,"Zhaotong"
3410,"Zhaoyang"
3411,"Zhenjiang"
3412,"Zhezkazgan"
3413,"Zhicheng"
3414,"Zhongshan"
3415,"Zhoucheng"
3416,"Zhoucun"
3417,"Zhoukou"
3418,"Zhucheng"
3419,"Zhuhai"
3420,"Zhuji"
3421,"Zhukovskiy"
3422,"Zhumadian"
3423,"Zhuozhou"
3424,"Zhuzhou"
3425,"Zhytomyr"
3426,"Zielona Gora"
3427,"Zigong"
3428,"Ziguinchor"
3429,"Zinder"
3430,"Zlatoust"
3431,"Zoetermeer"
3432,"Zonguldak"
3433,"Zouxian"
3434,"Zunyi"
3435,"Zurich"
3436,"Zuwarah"
3437,"Zwolle"
